

CREATE TABLE `tblbadorders` (
  `badorder_id` int(11) NOT NULL AUTO_INCREMENT,
  `product_id` int(11) NOT NULL,
  `preparedby` int(11) NOT NULL,
  `supplier_id` int(11) NOT NULL,
  `supplier_price` double(15,2) NOT NULL,
  `quantity` int(11) NOT NULL,
  `remarks` text NOT NULL,
  `dateadded` int(11) NOT NULL,
  `Status` varchar(120) NOT NULL,
  PRIMARY KEY (`badorder_id`)
) ENGINE=InnoDB AUTO_INCREMENT=10 DEFAULT CHARSET=latin1;


INSERT INTO tblbadorders VALUES
("1","16","22","5","4000.00","1","Remove","1506006568","Pending"),
("2","16","22","5","4000.00","1","Remove","1506006595","Pending"),
("3","16","22","5","4000.00","1","Remove","1506006825","Pending"),
("4","16","22","5","4000.00","1","Remove","1506007053","Pending"),
("5","16","22","5","200.00","5","Defective Items","1506033142","Pending"),
("6","16","22","5","4000.00","2","Defective Product","1506040193","Pending"),
("7","16","22","5","4000.00","2","Defective Product","1506040401","Pending"),
("8","3","22","5","1231.00","0","Defective Product","1506040702","Completed");




CREATE TABLE `tblcategories` (
  `CategoryId` int(11) NOT NULL AUTO_INCREMENT,
  `CategoryName` varchar(255) DEFAULT NULL,
  `Deleted` enum('YES','NO') NOT NULL,
  PRIMARY KEY (`CategoryId`)
) ENGINE=InnoDB AUTO_INCREMENT=7 DEFAULT CHARSET=latin1;


INSERT INTO tblcategories VALUES
("1","Consumer Electronics","NO"),
("2","Lightings","NO"),
("3","Asdfasdfasd","YES"),
("4","Consumer Electronics","NO"),
("5","Game Console","NO"),
("6","Test","YES");




CREATE TABLE `tblcompanyinfo` (
  `SID` int(11) NOT NULL AUTO_INCREMENT,
  `settingkey` varchar(255) NOT NULL,
  `settingvalue` text NOT NULL,
  PRIMARY KEY (`SID`)
) ENGINE=InnoDB AUTO_INCREMENT=10 DEFAULT CHARSET=latin1;


INSERT INTO tblcompanyinfo VALUES
("1","name","Giga Ohms"),
("2","receiver","Cedric Coloma"),
("3","street","1578 Chico Street Garcia Subdivision"),
("4","city","Binan"),
("5","province","Laguna"),
("6","zipcode","4024"),
("7","phone","+639557050742"),
("8","email","icorrelate@gmail.com"),
("9","voidcode","244161004191");




CREATE TABLE `tblcustomer` (
  `CustomerId` int(11) NOT NULL AUTO_INCREMENT,
  `CustomerName` varchar(150) DEFAULT NULL,
  `CustomerAddress` varchar(150) DEFAULT NULL,
  `DateAdded` int(11) DEFAULT NULL,
  PRIMARY KEY (`CustomerId`)
) ENGINE=InnoDB AUTO_INCREMENT=84 DEFAULT CHARSET=latin1;


INSERT INTO tblcustomer VALUES
("1","iygoiyhgoiyg","iygoiyhgoiyg","1504505178"),
("2","Binan Laguna","Binan Laguna","1504505331"),
("3","dfg","dfg","1504505517"),
("4","Not Set","Not Set","1504505640"),
("5","Not Set","Not Set","1504505688"),
("6","Not Set","Not Set","1504505689"),
("7","Not Set","Not Set","1504505693"),
("8","Not Set","Not Set","1504505716"),
("9","Not Set","Not Set","1504505756"),
("10","Not Set","Not Set","1504505791"),
("11","Not Set","Not Set","1504505854"),
("12","Not Set","Not Set","1504505876"),
("13","Not Set","Not Set","1504505906"),
("14","Not Set","Not Set","1504506116"),
("15","s","sadfasdf","1504506192"),
("16","Not Set","Not Set","1504506208"),
("17","Not Set","Not Set","1504506254"),
("18","Not Set","Not Set","1504506324"),
("19","Not Set","Not Set","1504506398"),
("20","Not Set","Not Set","1504506432"),
("21","really","really","1504952526"),
("22","really","really","1504952526"),
("23","drgdf","gdfgdfg","1504952695"),
("24","sadf","asdfasdf","1504953157"),
("25","Not Set","Not Set","1504954567"),
("26","Not Set","Not Set","1505017127"),
("27","Not Set","Not Set","1505017183"),
("28","Not Set","Not Set","1505017198"),
("29","Not Set","Not Set","1505017231"),
("30","Not Set","Not Set","1505017256"),
("31","Not Set","Not Set","1505017346"),
("32","Not Set","Not Set","1505017379"),
("33","Not Set","Not Set","1505017421"),
("34","Not Set","Not Set","1505017498"),
("35","Not Set","Not Set","1505017757"),
("36","Not Set","Not Set","1505017815"),
("37","Not Set","Not Set","1505017854"),
("38","Not Set","Not Set","1505017985"),
("39","Not Set","Not Set","1505018019"),
("40","Not Set","Not Set","1505018063"),
("41","Not Set","Not Set","1505018447"),
("42","Not Set","Not Set","1505018479"),
("43","Not Set","Not Set","1505019550"),
("44","Not Set","Not Set","1505019564"),
("45","Not Set","Not Set","1505021353"),
("46","Not Set","Not Set","1505021387"),
("47","Not Set","Not Set","1505022167"),
("48","Not Set","Not Set","1505022511"),
("49","Not Set","Not Set","1505022635"),
("50","Not Set","Not Set","1505022690"),
("51","Not Set","Not Set","1505022871"),
("52","Not Set","Not Set","1505024982"),
("53","Not Set","Not Set","1505025267"),
("54","Not Set","Not Set","1505292238"),
("55","Cedric Coloma","Binan Laguna","1505388516"),
("56","sfasd","fasdfasdf","1505390228"),
("57","Not Set","Not Set","1505566031"),
("58","Shiminiya","Not Set","1505898988"),
("59","sdfs","dfsdf","1505901931"),
("60","sdfs","dfsdf","1505901971"),
("61","sdf","sdf","1505902047"),
("62","Not Set","Not Set","1505902092"),
("63","Cedric Coloma","1234 Binan Lol","1505902224"),
("64","Cedric Coloma","1234 Binan Lol","1505902272"),
("65","ssdfs","sdf","1505902346"),
("66","sdf","sdfsdf","1505902668"),
("67","wer","werwer","1505902782"),
("68","dfsdf","dsfs","1505903433"),
("69","a","a","1505903804"),
("70","Cedric Coloma","Binan Laguna","1505908253"),
("71","Not Set","Not Set","1505908807"),
("72","Not Set","Not Set","1505908849"),
("73","Not Set","Not Set","1505909099"),
("74","Not Set","Not Set","1505909402"),
("75","Not Set","Not Set","1505909581"),
("76","Not Set","Not Set","1505910341"),
("77","Not Set","Not Set","1505910703"),
("78","Not Set","Not Set","1505910897"),
("79","Not Set","Not Set","1505921087"),
("80","sdfsdf","sdfsdf","1505987737"),
("81","dfgsdfg","fgs","1506002727"),
("82","Cedric Coloma","Binan Laguna","1506005859"),
("83","Chloe","ssdfsdflsdjf sjdfjk skjdfskjl dfkj sjdf","1506061848");




CREATE TABLE `tblinventorylogs` (
  `logid` int(11) NOT NULL AUTO_INCREMENT,
  `stockid` int(11) NOT NULL,
  `quantity` varchar(255) NOT NULL,
  `action` varchar(255) NOT NULL,
  `remarks` text NOT NULL,
  `userid` int(11) NOT NULL,
  `LogDate` int(11) NOT NULL,
  PRIMARY KEY (`logid`)
) ENGINE=InnoDB AUTO_INCREMENT=78 DEFAULT CHARSET=latin1;


INSERT INTO tblinventorylogs VALUES
("1","14","2","Diminish","Stocks Outside Diminished","38","1505017815"),
("2","14","1","Diminish","Stocks Outside Diminished","38","1505017854"),
("3","14","1","Diminish","Stocks Outside Diminished","38","1505017985"),
("4","14","1","Diminish","Stocks Outside Diminished","38","1505018019"),
("5","17","5","Diminish","Stocks Outside Diminished","38","1505018447"),
("6","17","2","Diminish","Stocks Outside Diminished","38","1505018479"),
("7","17","1","Diminish","Stocks Outside Diminished","38","1505019550"),
("8","17","1","Diminish","Stocks Outside Diminished","38","1505019564"),
("9","17","1","Diminish","Stocks Outside Diminished","38","1505021353"),
("10","17","1","Diminish","Stocks Outside Diminished","38","1505021387"),
("11","17","1","Diminish","Stocks Outside Diminished","38","1505022167"),
("12","17","1","Diminish","Stocks Outside Diminished","38","1505022511"),
("13","17","1","Sales","Stocks Outside Diminished 1505022511","38","1505022635"),
("14","17","1","Sales","Stocks Outside Diminished #1505022635","38","1505022690"),
("15","17","5","Depleted","Stocks Outside Depleted","38","1505022871"),
("16","14","2","Sales","Stocks Outside Diminished #1505022871","38","1505024982"),
("17","14","1","Sales","Stocks Outside Diminished #1505025174","38","1505025267"),
("18","15","1","Sales","Stocks Outside Diminished #1505025174","38","1505025267"),
("19","14","47","Sales","Stocks Outside Diminished #1505289832","22","1505292238"),
("20","14","20","Stock Out","Product Stock Out","22","1505387579"),
("21","14","6","Sales","Stocks Outside Diminished #1505388315","22","1505388516"),
("22","25","5","Stock Out","Product Stock Out","22","1505389340"),
("23","14","1","Sales","Stocks Outside Diminished #1505390188","49","1505390228"),
("24","25","5","Stock Out","Product Stock Out","22","1505472468"),
("25","25","5","Stock Out","Product Stock Out","22","1505472468"),
("26","25","5","Stock Out","Product Stock Out","22","1505472477"),
("27","25","5","Stock Out","Product Stock Out","22","1505472483"),
("28","25","5","Stock Out","Product Stock Out","22","1505472585"),
("29","14","1","Sales","Stocks Outside Diminished #1505566017","22","1505566031"),
("30","29","50","Stock Out","Product Stock Out","22","1505876390"),
("31","23","3","Stock Out","Product Stock Out","22","1505898163"),
("32","23","3","Stock Out","Product Stock Out","22","1505898163"),
("33","23","14","Stock Out","Product Stock Out","22","1505898176"),
("34","29","15","Stock Out","Product Stock Out","22","1505900594"),
("35","29","5","Stock Out","Product Stock Out","22","1505900606"),
("36","14","5","Stock Out","Product Stock Out","22","1505900703"),
("37","14","5","Stock Out","Product Stock Out","22","1505900703"),
("38","14","5","Stock Out","Product Stock Out","22","1505900704"),
("39","14","5","Stock Out","Product Stock Out","22","1505900704"),
("40","14","5","Stock Out","Product Stock Out","22","1505900704"),
("41","14","5","Stock Out","Product Stock Out","22","1505901012"),
("42","14","5","Stock Out","Product Stock Out","22","1505901012"),
("43","29","3","Sales","Stocks Outside Diminished #1505897383","38","1505902272"),
("44","29","2","Sales","Stocks Outside Diminished #1505902272","38","1505902346"),
("45","29","1","Sales","Stocks Outside Diminished #1505902346","38","1505902668"),
("46","29","1","Sales","Stocks Outside Diminished #1505902668","38","1505902782"),
("47","29","1","Sales","Stocks Outside Diminished #1505902782","38","1505903433"),
("48","14","1","Sales","Stocks Outside Diminished #1505899362","22","1505903804"),
("49","29","2","Depleted","Stocks Outside Depleted","38","1505908253"),
("50","31","50","Stock Out","Product Stock Out","22","1505908736"),
("51","31","1","Sales","Stocks Outside Diminished #1505908253","38","1505908807"),
("52","31","1","Sales","Stocks Outside Diminished #1505908808","38","1505908849"),
("53","31","1","Sales","Stocks Outside Diminished #1505908849","38","1505909099"),
("54","31","1","Sales","Stocks Outside Diminished #1505909099","38","1505909402"),
("55","31","1","Sales","Stocks Outside Diminished #1505909403","38","1505909581"),
("56","31","1","Sales","Stocks Outside Diminished #1505909581","38","1505910341"),
("57","31","1","Sales","Stocks Outside Diminished #1505910567","22","1505910703"),
("58","31","1","Sales","Stocks Outside Diminished #1505910704","22","1505910897"),
("59","14","4","Sales","Stocks Outside Diminished #1505910704","22","1505910897"),
("60","31","5","Stock Out","Product Stock Out","22","1505917608"),
("61","31","5","Stock Out","Product Stock Out","22","1505917617"),
("62","14","1","Sales","Stocks Outside Diminished #1505920434","38","1505921087"),
("63","14","1","Depleted","Stocks Outside Depleted","38","1505987737"),
("64","31","1","Sales","Stocks Outside Diminished #1505987737","22","1506002727"),
("65","31","2","Sales","Stocks Outside Diminished #1506005837","38","1506005859"),
("66","31","1","Sales","Stocks Outside Diminished #1506005859","22","1506006196"),
("67","31","1","Sales","Stocks Outside Diminished #1506005859","22","1506006311"),
("68","31","1","Sales","Stocks Outside Diminished #1506005859","22","1506006385"),
("69","31","1","Sales","Stocks Outside Diminished #1506005859","22","1506006412"),
("70","31","1","Sales","Stocks Outside Diminished #1506005859","22","1506006415"),
("71","31","1","Sales","Stocks Outside Diminished #1506005859","22","1506006445"),
("72","31","1","Sales","Stocks Outside Diminished #1506005859","22","1506006568"),
("73","31","1","Sales","Stocks Outside Diminished #1506005859","22","1506006595"),
("74","31","2","Sales","Stocks Outside Diminished #","22","1506040193"),
("75","31","2","Sales","Stocks Outside Diminished #","22","1506040401"),
("76","31","2","Sales","Stocks Outside Diminished #","22","1506048052"),
("77","31","1","Sales","Stocks Outside Diminished #1506058658","22","1506061848");




CREATE TABLE `tbllogins` (
  `LoginID` int(11) NOT NULL AUTO_INCREMENT,
  `AccountID` int(11) NOT NULL,
  `LoginDate` int(11) NOT NULL,
  PRIMARY KEY (`LoginID`)
) ENGINE=InnoDB AUTO_INCREMENT=180 DEFAULT CHARSET=latin1;


INSERT INTO tbllogins VALUES
("1","7","1497702609"),
("2","7","1497702628"),
("3","7","1497703127"),
("4","7","1497704668"),
("5","7","1497764879"),
("6","7","1497945991"),
("7","7","1497946074"),
("8","7","1497946191"),
("9","7","1497946222"),
("10","7","1497946275"),
("11","7","1497950210"),
("12","7","1498388759"),
("13","7","1498388985"),
("14","7","1498389412"),
("15","7","1498561653"),
("16","7","1498561694"),
("17","7","1498569950"),
("18","22","1498894414"),
("19","22","1498894563"),
("20","22","1498986364"),
("21","33","1498986501"),
("22","33","1498986518"),
("23","33","1498986592"),
("24","22","1498987654"),
("25","22","1498989751"),
("26","22","1499002763"),
("27","22","1499493646"),
("28","22","1499493921"),
("29","35","1499496006"),
("30","22","1500178510"),
("31","22","1500179530"),
("32","22","1500184539"),
("33","22","1500185519"),
("34","22","1500188503"),
("35","22","1500188577"),
("36","22","1500190168"),
("37","22","1500265444"),
("38","38","1500269782"),
("39","22","1500269847"),
("40","38","1500270022"),
("41","38","1500272321"),
("42","38","1500275274"),
("43","38","1500790928"),
("44","22","1500791923"),
("45","22","1500883165"),
("46","22","1501404942"),
("47","22","1501408886"),
("48","22","1501411621"),
("49","22","1501413171"),
("50","22","1501413405"),
("51","22","1501414034"),
("52","22","1501414459"),
("53","22","1501415607"),
("54","22","1501417342"),
("55","45","1501418565"),
("56","22","1501419223"),
("57","22","1501571893"),
("58","22","1501832257"),
("59","22","1501833010"),
("60","22","1502061069"),
("61","22","1502525222"),
("62","22","1502534832"),
("63","22","1502581921"),
("64","22","1503054220"),
("65","22","1503146239"),
("66","22","1503190253"),
("67","22","1503190260"),
("68","22","1503200625"),
("69","22","1503200631"),
("70","22","1503200649"),
("71","22","1503200697"),
("72","22","1503201118"),
("73","38","1503205966"),
("74","38","1503228377"),
("75","22","1503308901"),
("76","22","1503484416"),
("77","22","1503562930"),
("78","22","1503578998"),
("79","22","1503647291"),
("80","22","1503670732"),
("81","22","1503810354"),
("82","38","1503847395"),
("83","22","1503885845"),
("84","22","1503899538"),
("85","22","1503936694"),
("86","22","1503995638"),
("87","22","1504076704"),
("88","38","1504095393"),
("89","22","1504095604"),
("90","22","1504158409"),
("91","22","1504235370"),
("92","22","1504343252"),
("93","46","1504343308"),
("94","22","1504343327"),
("95","48","1504343484"),
("96","48","1504343517"),
("97","38","1504403465"),
("98","22","1504403632"),
("99","38","1504405813"),
("100","38","1504413337");
INSERT INTO tbllogins VALUES
("101","22","1504413654"),
("102","38","1504413842"),
("103","38","1504434040"),
("104","38","1504434255"),
("105","22","1504493603"),
("106","38","1504493970"),
("107","22","1504494350"),
("108","38","1504494373"),
("109","22","1504494393"),
("110","38","1504495777"),
("111","22","1504617560"),
("112","22","1504692299"),
("113","38","1504693351"),
("114","22","1504696224"),
("115","38","1504864910"),
("116","22","1504905359"),
("117","22","1504906446"),
("118","22","1504906739"),
("119","38","1504947472"),
("120","38","1504948400"),
("121","38","1504948443"),
("122","38","1504950180"),
("123","38","1504950476"),
("124","38","1504950932"),
("125","38","1504952669"),
("126","22","1504957933"),
("127","22","1505012923"),
("128","38","1505013890"),
("129","22","1505017683"),
("130","38","1505017748"),
("131","22","1505018115"),
("132","38","1505018314"),
("133","22","1505018329"),
("134","38","1505018422"),
("135","38","1505022115"),
("136","38","1505022849"),
("137","22","1505022983"),
("138","38","1505024523"),
("139","22","1505024896"),
("140","22","1505028524"),
("141","38","1505131759"),
("142","22","1505132204"),
("143","22","1505226872"),
("144","22","1505227264"),
("145","22","1505274933"),
("146","22","1505282313"),
("147","38","1505291544"),
("148","22","1505291657"),
("149","22","1505386507"),
("150","22","1505388239"),
("151","49","1505390166"),
("152","49","1505390329"),
("153","49","1505390366"),
("154","50","1505390499"),
("155","22","1505472011"),
("156","22","1505566012"),
("157","22","1505875952"),
("158","22","1505897356"),
("159","38","1505897382"),
("160","38","1505897445"),
("161","22","1505899312"),
("162","38","1505904880"),
("163","22","1505905549"),
("164","22","1505908691"),
("165","22","1505916757"),
("166","38","1505918926"),
("167","22","1505919222"),
("168","38","1505920413"),
("169","22","1505921234"),
("170","38","1505922691"),
("171","22","1505923151"),
("172","38","1505987339"),
("173","22","1505988295"),
("174","38","1506005836"),
("175","22","1506005912"),
("176","22","1506040121"),
("177","38","1506048224"),
("178","22","1506048350"),
("179","22","1506048665");




CREATE TABLE `tblpo_items` (
  `Poitem_id` int(11) NOT NULL AUTO_INCREMENT,
  `Po_id` int(11) DEFAULT NULL,
  `ProductId` int(11) DEFAULT NULL,
  `Quantity_Requested` int(11) DEFAULT NULL,
  PRIMARY KEY (`Poitem_id`)
) ENGINE=InnoDB AUTO_INCREMENT=30 DEFAULT CHARSET=latin1;


INSERT INTO tblpo_items VALUES
("22","21","5","113"),
("23","22","5","113"),
("24","22","2","113"),
("25","23","1","5"),
("26","26","1","1"),
("27","27","2","15"),
("28","28","3","35"),
("29","29","16","100");




CREATE TABLE `tblpodel_items` (
  `del_item_id` int(11) NOT NULL AUTO_INCREMENT,
  `Pod_id` int(11) NOT NULL,
  `ProductId` int(11) DEFAULT NULL,
  `SupplierPrice` double DEFAULT NULL,
  `Quantity_Delivered` int(11) DEFAULT NULL,
  PRIMARY KEY (`del_item_id`)
) ENGINE=InnoDB AUTO_INCREMENT=62 DEFAULT CHARSET=latin1;


INSERT INTO tblpodel_items VALUES
("53","49","2","111","5"),
("54","50","2","111","10"),
("55","51","3","1231","5"),
("56","52","3","1231","1"),
("57","57","3","1231","20"),
("58","59","3","1231","5"),
("59","61","16","5000","50"),
("60","62","16","5000","50"),
("61","63","3","1231","3");




CREATE TABLE `tblpodeliveries` (
  `Pod_id` int(11) NOT NULL AUTO_INCREMENT,
  `Po_id` int(11) DEFAULT NULL,
  `ReceivedBy_id` int(11) DEFAULT NULL,
  `DeliveryNumber` varchar(255) NOT NULL,
  `DateDelivered` int(11) DEFAULT NULL,
  PRIMARY KEY (`Pod_id`)
) ENGINE=InnoDB AUTO_INCREMENT=64 DEFAULT CHARSET=latin1;


INSERT INTO tblpodeliveries VALUES
("49","27","22","DEL12333","1505032988"),
("50","27","22","DOT51515","1505033067"),
("51","28","22","","1505033606"),
("52","28","22","","1505033625"),
("53","28","22","","1505034170"),
("54","28","22","","1505034275"),
("55","28","22","","1505034499"),
("56","28","22","","1505034623"),
("57","28","22","1124124","1505035005"),
("58","28","22","sdf","1505227078"),
("59","28","22","123123","1505227200"),
("60","29","22","DEL12341234","1505389699"),
("61","29","22","DEL153525","1505389748"),
("62","29","22","828340274","1505389920"),
("63","28","22","sdfsdf","1505626598");




CREATE TABLE `tblproducts` (
  `id` int(10) unsigned NOT NULL AUTO_INCREMENT,
  `Product_name` varchar(191) COLLATE utf8mb4_unicode_ci NOT NULL,
  `Product_brand` varchar(255) COLLATE utf8mb4_unicode_ci NOT NULL,
  `Product_flooring` int(11) NOT NULL,
  `Product_ceiling` int(11) NOT NULL,
  `Product_unit` int(11) NOT NULL,
  `Product_code` varchar(255) COLLATE utf8mb4_unicode_ci NOT NULL,
  `Product_category` int(11) NOT NULL,
  `Product_Description` text COLLATE utf8mb4_unicode_ci NOT NULL,
  `created_at` int(11) DEFAULT NULL,
  `Deleted` enum('YES','NO') COLLATE utf8mb4_unicode_ci NOT NULL,
  PRIMARY KEY (`id`)
) ENGINE=InnoDB AUTO_INCREMENT=18 DEFAULT CHARSET=utf8mb4 COLLATE=utf8mb4_unicode_ci;


INSERT INTO tblproducts VALUES
("1","BreadBoard","Huwawei","20","120","4","102250261262","5","Used for prototyping electrical schematics","1111111100","NO"),
("2","SPEAKER 8OHM 300MW TOP PORT 92DB","CUI Inc","30","50","1","F0F249CBB5B0","1","SPEAKER 8OHM 300MW TOP PORT 92DB","1503309344","NO"),
("3","MPD (Memory Protection Devices)","CUI Inc","30","50","1","567432445543","1","MPD (Memory Protection Devices)","1503309378","NO"),
("4","CAP 220MF -20% +80% 3.3V SMD","Elna America","30","120","1","102250261262","1","CAP 220MF -20% +80% 3.3V SMD","1503309426","NO"),
("5","CAP 47MF -20% +80% 5.5V SMD","Elna America","30","120","1","121255","1","CAP 47MF -20% +80% 5.5V SMD","1503309459","NO"),
("6","1PORT OPTIC ISO UNIVRSL PCI CARD","B&amp;B SmartWorx, Inc.","30","120","1","12125516161","1","1PORT OPTIC ISO UNIVRSL PCI CARD","1503309553","NO"),
("7","MR SAS 9380-8E SINGLE KIT 1GB","Broadcom Limited","20","100","1","16166161616616","1","MR SAS 9380-8E SINGLE KIT 1GB","1503309609","NO"),
("8","BreadBoard","Huwawei","20","630","1","1251251151","1","Used for prototyping electrical schematics","1503310424","YES"),
("9","sadfasd","asdfas","11","11","1","9904034855302","1","asdfasdf","1504622934","YES"),
("10","sadf","asdfasdfa","234","235","1","9904034855302","1","sdf","1504623020","YES"),
("11","","","0","0","1","9904034855302","1","","1504623090","YES"),
("12","","","0","0","1","9904034855302","1","","1504623116","YES"),
("13","","","0","0","1","9904034855302","1","","1504623152","YES"),
("14","","","0","0","1","9904034855302","1","","1504623196","YES"),
("15","sdfsdfsdf","sdf","12312","1231231","1","asdfasdf","1","sdfsdf","1504623830","YES"),
("16","XBox 365","Microsoft","30","150","1","10000127491","1","baby shark doo doo doo","1505389104","NO"),
("17","sdfs","dfsdfs","20","21","1","123","1","dfs","1505922551","YES");




CREATE TABLE `tblpurchaseorders` (
  `Po_id` int(11) NOT NULL AUTO_INCREMENT,
  `Po_number` varchar(255) NOT NULL,
  `Supplier_id` int(11) NOT NULL,
  `PreparedBy_id` int(11) DEFAULT NULL,
  `Checked_By` int(11) NOT NULL,
  `Exp_DeliveryDate` varchar(255) NOT NULL,
  `DatePrepared` int(11) DEFAULT NULL,
  `Status` varchar(255) NOT NULL,
  `deleted` enum('NO','YES') NOT NULL,
  PRIMARY KEY (`Po_id`)
) ENGINE=InnoDB AUTO_INCREMENT=30 DEFAULT CHARSET=latin1;


INSERT INTO tblpurchaseorders VALUES
("27","1505031627","1","22","22","2017-09-21","1505031647","Completed","NO"),
("28","1505033097","5","22","22","2017-09-20","1505033114","Pending","NO"),
("29","1505389539","6","22","22","2017-09-21","1505389614","Completed","NO");




CREATE TABLE `tblrefunds` (
  `refundid` int(11) NOT NULL AUTO_INCREMENT,
  `boid` int(11) NOT NULL,
  `amount` int(11) NOT NULL,
  `refunddate` int(11) NOT NULL,
  PRIMARY KEY (`refundid`)
) ENGINE=InnoDB AUTO_INCREMENT=2 DEFAULT CHARSET=latin1;


INSERT INTO tblrefunds VALUES
("1","4","4500","1506007053");




CREATE TABLE `tblstockout` (
  `StockOutId` int(11) NOT NULL AUTO_INCREMENT,
  `StockId` int(11) DEFAULT NULL,
  `Quantity_out` int(11) DEFAULT NULL,
  `DateAdded` int(11) DEFAULT NULL,
  `Deleted` enum('NO','YES') NOT NULL,
  PRIMARY KEY (`StockOutId`)
) ENGINE=InnoDB AUTO_INCREMENT=30 DEFAULT CHARSET=latin1;


INSERT INTO tblstockout VALUES
("16","15","19","1504360662","NO"),
("24","23","25","1505387245","NO"),
("29","31","34","1505908736","NO");




CREATE TABLE `tblstocks` (
  `StockId` int(11) NOT NULL AUTO_INCREMENT,
  `ProductId` int(11) DEFAULT NULL,
  `No_Of_Items` int(11) DEFAULT NULL,
  `SellingPrice` double DEFAULT NULL,
  `Product_supplier` int(11) NOT NULL,
  `SupplierPrice` double NOT NULL,
  `DateAdded` int(11) DEFAULT NULL,
  `Deleted` enum('NO','YES') NOT NULL,
  PRIMARY KEY (`StockId`)
) ENGINE=InnoDB AUTO_INCREMENT=37 DEFAULT CHARSET=latin1;


INSERT INTO tblstocks VALUES
("14","1","2","1555","1","111","1504350427","NO"),
("15","2","5","111","1","111","1504356874","NO"),
("16","3","15","1555","5","1231","1504617590","NO"),
("17","1","5","1555","5","1231","1504617685","YES"),
("18","2","5","111","1","111","1505032988","NO"),
("19","2","10","111","1","111","1505033067","NO"),
("20","3","5","1555","5","1231","1505033606","NO"),
("21","3","1","1555","5","1231","1505033625","NO"),
("22","3","15","1555","5","1231","1505035005","NO"),
("23","3","0","1555","5","1231","1505227200","NO"),
("24","1","2","120","5","99.99","1505387175","NO"),
("25","16","22","6000","6","5000","1505389309","YES"),
("26","16","50","6000","6","5000","1505389748","YES"),
("27","16","50","6000","6","5000","1505389920","YES"),
("28","3","3","1555","5","1231","1505626598","NO"),
("29","16","5","400","5","200","1505876016","NO"),
("30","1","2","0","5","0","1505897623","NO"),
("31","16","2","4500","5","4000","1505900875","NO"),
("32","3","0","1231","5","1231","1506047371","NO"),
("33","3","0","1231","5","1231","1506047371","NO"),
("34","3","0","1231","5","1231","1506047371","NO"),
("35","3","3","1231","5","1231","1506047491","NO"),
("36","3","2","1231","5","1231","1506047713","NO");




CREATE TABLE `tblsuppliers` (
  `Supplier_id` int(11) NOT NULL AUTO_INCREMENT,
  `Supplier_name` varchar(150) DEFAULT NULL,
  `Supplier_co_name` varchar(150) DEFAULT NULL,
  `Supplier_street` varchar(150) DEFAULT NULL,
  `Supplier_city` varchar(150) DEFAULT NULL,
  `Supplier_province` varchar(150) DEFAULT NULL,
  `Supplier_zipcode` varchar(150) DEFAULT NULL,
  `Supplier_contact` varchar(150) DEFAULT NULL,
  `Supplier_email` varchar(55) NOT NULL,
  `AddedBy` int(11) DEFAULT NULL,
  `DateAdded` int(11) DEFAULT NULL,
  `Deleted` enum('YES','NO') NOT NULL,
  PRIMARY KEY (`Supplier_id`)
) ENGINE=InnoDB AUTO_INCREMENT=9 DEFAULT CHARSET=latin1;


INSERT INTO tblsuppliers VALUES
("1","ABCD Corporation","Chloe Reyes","1578 Manga Street, Garcia Subdivision","Binan","Laguna","4024","09206302090","abscorp@gmail.com","1","1231231424","YES"),
("3","supName","RecName","street","ct","pv","zc","1231254125","me@gmail.com","22","1500891460","YES"),
("4","asdfa","sdfadds","fasf","fasdf","asdfasd","fas","fasdfa","sdfasdfasdf@gmail.com","22","1501995175","YES"),
("5","XYZ Corporation","Shana Lagundi","1599 Manga Steet","Binan","Laguna","4024","09995564671","icorrelate@gmail.com","22","1503310225","NO"),
("6","Umbrella Corporation","Merliz Limonan","1599 Manga Steets","Binan","Laguna","4024","09206303090","Umbrella@gmail.com","22","1503310336","NO"),
("7","Ruby Corp Merchandisers","Jose Tagalikods","1578 Chico Street Garcia Subdivisions","Binans","Lagunas","4024s","09955564646s","ruby@gmail.com","22","1505388840","NO"),
("8","asdf","sdfas","sdf","asdf","sdf","fasdf","asdfadf","asdf@gmail.com","22","1505473045","YES");




CREATE TABLE `tbltransaction` (
  `TransId` int(11) NOT NULL AUTO_INCREMENT,
  `TransUserId` int(11) DEFAULT NULL,
  `TransNo` varchar(255) NOT NULL,
  `TransTotal` double(15,2) DEFAULT NULL,
  `TransChange` double(15,2) DEFAULT NULL,
  `TransCash` double(15,2) DEFAULT NULL,
  `TransDate` int(11) DEFAULT NULL,
  `No_Of_Items` int(11) DEFAULT NULL,
  `CustId` int(11) DEFAULT NULL,
  `TransDiscount` double(15,2) NOT NULL,
  PRIMARY KEY (`TransId`)
) ENGINE=InnoDB AUTO_INCREMENT=80 DEFAULT CHARSET=latin1;


INSERT INTO tbltransaction VALUES
("2","38","1504505178","555.00","445.00","1000.00","1504505331","5","2","0.00"),
("3","38","1504505331","555.00","445.00","1000.00","1504505517","5","3","0.00"),
("4","38","1504505517","222.00","278.00","500.00","1504505640","2","4","0.00"),
("5","38","1504505640","222.00","278.00","500.00","1504505688","2","5","0.00"),
("6","38","1504505688","0.00","500.00","500.00","1504505689","0","6","0.00"),
("7","38","1504505689","0.00","500.00","500.00","1504505693","0","7","0.00"),
("8","38","1504505693","222.00","278.00","500.00","1504505716","2","8","0.00"),
("9","38","1504505717","333.00","167.00","500.00","1504505756","3","9","0.00"),
("10","38","1504505756","333.00","167.00","500.00","1504505791","3","10","0.00"),
("11","38","1504505791","222.00","278.00","500.00","1504505854","2","11","0.00"),
("12","38","1504505854","111.00","389.00","500.00","1504505876","1","12","0.00"),
("13","38","1504505876","222.00","278.00","500.00","1504505906","2","13","0.00"),
("14","38","1504505906","111.00","389.00","500.00","1504506116","1","14","0.00"),
("15","38","1504506116","0.00","500.00","500.00","1504506192","0","15","0.00"),
("16","38","1504506193","111.00","389.00","500.00","1504506208","1","16","0.00"),
("17","38","1504506209","111.00","389.00","500.00","1504506254","1","17","0.00"),
("18","38","1504506254","222.00","278.00","500.00","1504506324","2","18","0.00"),
("19","38","1504506324","222.00","278.00","500.00","1504506398","2","19","0.00"),
("20","38","1504506398","444.00","56.00","500.00","1504506432","4","20","0.00"),
("21","38","1504951734","777.00","223.00","1000.00","1504952526","7","21","0.00"),
("22","38","1504952526","0.00","1000.00","1000.00","1504952526","0","22","0.00"),
("23","38","1504952526","222.00","778.00","1000.00","1504952695","2","23","0.00"),
("24","38","1504952695","333.00","667.00","1000.00","1504953157","3","24","0.00"),
("25","38","1504953157","222.00","778.00","1000.00","1504954567","2","25","0.00"),
("26","38","1505017011","111.00","889.00","1000.00","1505017127","1","26","0.00"),
("27","38","1505017011","111.00","889.00","1000.00","1505017183","1","27","0.00"),
("28","38","1505017011","111.00","889.00","1000.00","1505017198","1","28","0.00"),
("29","38","1505017011","111.00","889.00","1000.00","1505017231","1","29","0.00"),
("30","38","1505017011","111.00","889.00","1000.00","1505017256","1","30","0.00"),
("31","38","1505017011","555.00","445.00","1000.00","1505017346","5","31","0.00"),
("32","38","1505017011","555.00","445.00","1000.00","1505017379","5","32","0.00"),
("33","38","1505017011","555.00","445.00","1000.00","1505017421","5","33","0.00"),
("34","38","1505017011","0.00","1000.00","1000.00","1505017498","5","34","0.00"),
("35","38","1505017499","222.00","778.00","1000.00","1505017757","2","35","0.00"),
("36","38","1505017499","222.00","278.00","500.00","1505017815","2","36","0.00"),
("37","38","1505017815","111.00","89.00","200.00","1505017854","1","37","0.00"),
("38","38","1505017854","111.00","89.00","200.00","1505017985","1","38","0.00"),
("39","38","1505017985","111.00","889.00","1000.00","1505018019","1","39","0.00"),
("40","38","1505018019","333.00","667.00","1000.00","1505018063","3","40","0.00"),
("41","38","1505018107","7775.00","7780.00","15555.00","1505018447","5","41","0.00"),
("42","38","1505018447","3110.00","12445.00","15555.00","1505018479","2","42","0.00"),
("43","38","1505018479","1555.00","445.00","2000.00","1505019550","1","43","0.00"),
("44","38","1505019550","1555.00","445.00","2000.00","1505019564","1","44","0.00"),
("45","38","1505019565","1555.00","9999999999999.99","9999999999999.99","1505021353","1","45","0.00"),
("46","38","1505021353","1555.00","8444.55","9999.55","1505021387","1","46","0.00"),
("47","38","1505022116","1555.00","445.55","2000.55","1505022167","1","47","0.00"),
("48","38","1505022167","1555.00","445.00","2000.00","1505022511","1","48","0.00"),
("49","38","1505022511","1555.00","13445.00","15000.00","1505022635","1","49","0.00"),
("50","38","1505022635","1555.00","445.00","2000.00","1505022690","1","50","0.00"),
("51","38","1505022691","7775.00","2225.00","10000.00","1505022871","5","51","0.00"),
("52","38","1505022871","3110.00","1890.00","5000.00","1505024982","2","52","0.00"),
("53","38","1505025174","1666.00","4000.00","5666.00","1505025267","2","53","0.00"),
("54","22","1505289832","73085.00","16915.00","90000.00","1505292238","47","54","0.00"),
("55","22","1505388315","9330.00","670.55","10000.55","1505388516","6","55","0.00"),
("56","49","1505390188","1555.00","445.00","2000.00","1505390228","1","56","0.00"),
("57","22","1505566017","1555.00","445.00","2000.00","1505566031","1","57","0.00"),
("58","22","1505897366","0.00","50.00","50.00","1505898988","0","58","0.00"),
("59","38","1505897383","1200.00","300.00","1500.00","1505902224","3","63","0.00"),
("60","38","1505897383","1200.00","300.00","1500.00","1505902272","3","64","0.00"),
("61","38","1505902272","800.00","200.00","1000.00","1505902346","2","65","0.00"),
("62","38","1505902346","400.00","600.00","1000.00","1505902668","1","66","0.00"),
("63","38","1505902668","400.00","600.00","1000.00","1505902782","1","67","0.00"),
("64","38","1505902782","370.00","30.00","400.00","1505903433","1","68","30.00"),
("65","22","1505899362","1555.00","45.00","1600.00","1505903804","1","69","0.00"),
("66","38","1505903433","770.00","230.00","1000.00","1505908253","2","70","30.00"),
("67","38","1505908253","4450.00","550.00","5000.00","1505908807","1","71","50.00"),
("68","38","1505908808","4470.00","530.00","5000.00","1505908849","1","72","30.00"),
("69","38","1505908849","4470.00","530.00","5000.00","1505909099","1","73","30.00"),
("70","38","1505909099","4450.00","550.00","5000.00","1505909402","1","74","50.00"),
("71","38","1505909403","4450.00","1550.00","6000.00","1505909581","1","75","50.00"),
("72","38","1505909581","4450.00","550.00","5000.00","1505910341","1","76","50.00"),
("73","22","1505910567","4500.00","500.00","5000.00","1505910703","1","77","0.00"),
("74","22","1505910704","10220.00","9780.00","20000.00","1505910897","5","78","500.00"),
("75","38","1505920434","1505.00","3495.00","5000.00","1505921087","1","79","50.00"),
("76","38","1505987340","1555.00","3445.00","5000.00","1505987737","1","80","0.00"),
("77","22","1505987737","4500.00","500.00","5000.00","1506002727","1","81","0.00"),
("78","38","1506005837","9000.00","6000.00","15000.00","1506005859","2","82","0.00"),
("79","22","1506058658","4500.00","500.00","5000.00","1506061848","1","83","0.00");




CREATE TABLE `tbltransproduct` (
  `TransPid` int(11) NOT NULL AUTO_INCREMENT,
  `TransId` int(11) DEFAULT NULL,
  `TransProdId` int(11) DEFAULT NULL,
  `TransSupplier` int(11) NOT NULL,
  `TransSupplierPrice` double(15,2) NOT NULL,
  `TransProductPrice` double(15,2) DEFAULT NULL,
  `TransProductQuantity` int(11) DEFAULT NULL,
  PRIMARY KEY (`TransPid`)
) ENGINE=InnoDB AUTO_INCREMENT=80 DEFAULT CHARSET=latin1;


INSERT INTO tbltransproduct VALUES
("1","1","0","0","0.00","111.00","5"),
("2","1","0","0","0.00","111.00","5"),
("3","3","1","0","0.00","111.00","5"),
("4","4","1","0","0.00","111.00","2"),
("5","5","1","0","0.00","111.00","2"),
("6","8","1","0","0.00","111.00","2"),
("7","9","1","0","0.00","111.00","3"),
("8","10","1","0","0.00","111.00","3"),
("9","11","1","0","0.00","111.00","2"),
("10","12","1","0","0.00","111.00","1"),
("11","13","1","0","0.00","111.00","2"),
("12","14","1","0","0.00","111.00","1"),
("13","16","1","0","0.00","111.00","1"),
("14","17","1","0","0.00","111.00","1"),
("15","18","1","0","0.00","111.00","2"),
("16","19","1","0","0.00","111.00","2"),
("17","20","1","0","0.00","111.00","4"),
("18","21","1","0","0.00","111.00","1"),
("19","21","2","0","0.00","111.00","6"),
("20","23","1","0","0.00","111.00","1"),
("21","23","2","0","0.00","111.00","1"),
("22","24","1","0","0.00","111.00","2"),
("23","24","2","0","0.00","111.00","1"),
("24","25","1","0","0.00","111.00","1"),
("25","25","2","0","0.00","111.00","1"),
("26","26","1","0","0.00","111.00","1"),
("27","27","1","0","0.00","111.00","1"),
("28","28","1","0","0.00","111.00","1"),
("29","29","1","0","0.00","111.00","1"),
("30","30","1","0","0.00","111.00","1"),
("31","31","1","0","0.00","111.00","5"),
("32","32","1","0","0.00","111.00","5"),
("33","33","1","0","0.00","111.00","5"),
("34","34","","0","0.00","","5"),
("35","35","1","0","0.00","111.00","2"),
("36","36","1","0","0.00","111.00","2"),
("37","37","1","0","0.00","111.00","1"),
("38","38","1","0","0.00","111.00","1"),
("39","39","1","0","0.00","111.00","1"),
("40","40","1","0","0.00","111.00","3"),
("41","41","1","0","0.00","1555.00","5"),
("42","42","1","0","0.00","1555.00","2"),
("43","43","1","0","0.00","1555.00","1"),
("44","44","1","0","0.00","1555.00","1"),
("45","45","1","0","0.00","1555.00","1"),
("46","46","1","0","0.00","1555.00","1"),
("47","47","1","0","0.00","1555.00","1"),
("48","48","1","0","0.00","1555.00","1"),
("49","49","1","0","0.00","1555.00","1"),
("50","50","1","0","0.00","1555.00","1"),
("51","51","1","0","0.00","1555.00","5"),
("52","52","1","0","0.00","1555.00","2"),
("53","53","1","0","0.00","1555.00","1"),
("54","53","2","0","0.00","111.00","1"),
("55","54","1","0","0.00","1555.00","47"),
("56","55","1","0","0.00","1555.00","6"),
("57","56","1","0","0.00","1555.00","1"),
("58","57","1","0","0.00","1555.00","1"),
("59","60","16","5","0.00","400.00","3"),
("60","61","16","5","0.00","400.00","2"),
("61","62","16","5","0.00","400.00","1"),
("62","63","16","5","0.00","400.00","1"),
("63","64","16","5","0.00","400.00","1"),
("64","65","1","0","0.00","1555.00","1"),
("65","66","16","5","0.00","400.00","2"),
("66","67","16","5","0.00","4500.00","1"),
("67","68","16","5","0.00","4500.00","1"),
("68","69","16","5","0.00","4500.00","1"),
("69","70","16","5","0.00","4500.00","1"),
("70","71","16","5","0.00","4500.00","1"),
("71","72","16","5","0.00","4500.00","1"),
("72","73","16","5","0.00","4500.00","1"),
("73","74","16","5","0.00","4500.00","1"),
("74","74","1","1","0.00","1555.00","4"),
("75","75","1","1","0.00","1555.00","1"),
("76","76","1","1","111.00","1555.00","1"),
("77","77","16","5","0.00","4500.00","1"),
("78","78","16","5","4000.00","4500.00","2"),
("79","79","16","5","4000.00","4500.00","1");




CREATE TABLE `tblunits` (
  `UnitId` int(11) NOT NULL AUTO_INCREMENT,
  `UnitName` varchar(55) DEFAULT NULL,
  `Deleted` enum('YES','NO') NOT NULL,
  PRIMARY KEY (`UnitId`)
) ENGINE=InnoDB AUTO_INCREMENT=5 DEFAULT CHARSET=latin1;


INSERT INTO tblunits VALUES
("1","PCS","NO"),
("2","Meters","NO"),
("3","Asdfasdf","YES"),
("4","Unit","NO");




CREATE TABLE `tblusers` (
  `userid` int(11) NOT NULL AUTO_INCREMENT,
  `fname` varchar(25) NOT NULL,
  `mname` varchar(25) NOT NULL,
  `lname` varchar(25) NOT NULL,
  `user_name` varchar(55) NOT NULL,
  `gender` enum('male','female') NOT NULL,
  `birthday` varchar(20) NOT NULL,
  `pass_word` varchar(55) NOT NULL,
  `acctype` enum('cashier','admin','','') NOT NULL,
  `deleted` enum('YES','NO','','') NOT NULL,
  `accimg` varchar(255) NOT NULL,
  `dateadded` int(11) NOT NULL,
  `passchange` enum('1','0') NOT NULL,
  PRIMARY KEY (`userid`)
) ENGINE=InnoDB AUTO_INCREMENT=52 DEFAULT CHARSET=latin1;


INSERT INTO tblusers VALUES
("22","Cedric","Yatco","Coloma","icorrelate@gmail.com","male","1997-02-12","ed2b1f468c5f915f3f1cf75d7068baae","admin","NO","images/dp/haha@gmail.com_956709.jpg","234235233","1"),
("38","Cedric","Yatco","Cashier","cashier@gmail.com","female","1997-02-12","ed2b1f468c5f915f3f1cf75d7068baae","cashier","NO","images/dp/haha@gmail.com_956709.jpg","234235233","1"),
("42","Cedric","Yatco","Coloma","CYColoma764","female","1997-12-02","564a2cbca9975837aa0b32d98335b80a","cashier","NO","images/dp/CYColoma764_843584.png","1501408602","0"),
("43","Cedric","Yatco","Coloma","CYColoma194","male","1997-12-02","a70fafcc6f12a97f56e8a2419e146fae","cashier","YES","images/dp/CYColoma194_109636.png","1501408907","0"),
("44","Cedric","Yatco","Coloma","CYColoma457","male","1997-12-02","7a9f2045d9bc28de8633f94e56784664","cashier","NO","images/dp/CYColoma457_481724.png","1501410455","0"),
("45","Cedric","Yatco","Coloma","CYColoma543","male","1234-12-12","ed2b1f468c5f915f3f1cf75d7068baae","cashier","NO","images/dp/CYColoma543_678674.png","1501410621","1"),
("46","Hellow","Im","Cedric","HICedric303","female","2017-09-14","9a5e7f9b11c76f0887de0501e193bb60","cashier","NO","images/dp/HICedric303_282222.jpg","1504343277","0"),
("47","Hi","Im","Lebby","HILebby431","male","2017-09-07","07509443a92f79416cc90f9b7ac4f81d","cashier","NO","images/dp/HILebby431_109256.jpg","1504343351","0"),
("48","Hi","Im","Lebby","HILebby247","male","2017-09-05","f12e2124e4d10ca8438ef57fd681c431","admin","YES","images/dp/HILebby247_97784.jpg","1504343475","1"),
("49","Kasoy","Kahoy","Kalawang","KKKalawang357","male","1999-08-31","ed2b1f468c5f915f3f1cf75d7068baae","cashier","NO","images/dp/KKKalawang357_591380.jpg","1505390130","1"),
("50","Kuruwi","Japonese","Sanma","KJSanma802","female","2017-08-31","13ffdc085f78004cd944c73385b12105","admin","NO","images/dp/KJSanma802_65512.jpg","1505390439","0"),
("51","Kuruwi","Japonese","Sanma","KJSanma616","female","2017-08-31","42d141e357f47ecd428c284617d404d5","admin","YES","images/dp/KJSanma616_557358.jpg","1505904609","0");


